"","ecosystem","model","species","year","B","catch","F","isFmsy","isFsq"
"1","South Western Waters, Gulf of Cadiz (ICES IXa South)","Gadget","EngraulisEncrasicolus",2000,3226.41220008875,4950.12156582,1.54410768996676,NA,1
"2","South Western Waters, Gulf of Cadiz (ICES IXa South)","Gadget","EngraulisEncrasicolus",2001,7611.36328780391,11881.6999725,1.66074857683303,NA,1
"3","South Western Waters, Gulf of Cadiz (ICES IXa South)","Gadget","EngraulisEncrasicolus",2002,5747.25150828886,10225.7287420001,1.93128822762932,NA,1
"4","South Western Waters, Gulf of Cadiz (ICES IXa South)","Gadget","EngraulisEncrasicolus",2003,5280.38018201454,7402.49108703,1.50614888817639,NA,1
"5","South Western Waters, Gulf of Cadiz (ICES IXa South)","Gadget","EngraulisEncrasicolus",2004,5157.66006652391,7583.0028991,1.5874520817626,NA,1
"6","South Western Waters, Gulf of Cadiz (ICES IXa South)","Gadget","EngraulisEncrasicolus",2005,6592.40566163079,8260.94769524,1.35156050135177,NA,1
"7","South Western Waters, Gulf of Cadiz (ICES IXa South)","Gadget","EngraulisEncrasicolus",2006,10198.9256367175,9947.642432477,1.04079347640352,NA,1
"8","South Western Waters, Gulf of Cadiz (ICES IXa South)","Gadget","EngraulisEncrasicolus",2007,12517.1656788654,13516.4305438,1.14487762232424,NA,1
"9","South Western Waters, Gulf of Cadiz (ICES IXa South)","Gadget","EngraulisEncrasicolus",2008,5341.42199283556,5383.38766200001,1.05912549101696,NA,1
"10","South Western Waters, Gulf of Cadiz (ICES IXa South)","Gadget","EngraulisEncrasicolus",2009,4760.19977593925,4653.4736616,1.03181734757291,NA,1
"11","South Western Waters, Gulf of Cadiz (ICES IXa South)","Gadget","EngraulisEncrasicolus",2010,5051.65160663522,6212.4375206,1.29240334882051,NA,1
"12","South Western Waters, Gulf of Cadiz (ICES IXa South)","Gadget","EngraulisEncrasicolus",2011,6660.52928978061,10000.53573555,1.60715805608437,NA,1
"13","South Western Waters, Gulf of Cadiz (ICES IXa South)","Gadget","EngraulisEncrasicolus",2012,7594.66699431436,7755.778718424,1.08831125324364,NA,1
"14","South Western Waters, Gulf of Cadiz (ICES IXa South)","Gadget","EngraulisEncrasicolus",2013,10192.7107829207,11870.61509,1.40789078651374,NA,1
"15","South Western Waters, Gulf of Cadiz (ICES IXa South)","Gadget","EngraulisEncrasicolus",2014,10498.0592401084,13105.46101,1.40789078651374,NA,1
"16","South Western Waters, Gulf of Cadiz (ICES IXa South)","Gadget","EngraulisEncrasicolus",2015,6508.56507285733,9387.016,1.40789078651374,NA,1
"17","South Western Waters, Gulf of Cadiz (ICES IXa South)","Gadget","EngraulisEncrasicolus",2016,14269.3050120355,13104.422,1.40789078651374,NA,1
"18","South Western Waters, Gulf of Cadiz (ICES IXa South)","Gadget","EngraulisEncrasicolus",2017,10650.1445400429,16350.6013,1.40789078651374,NA,1
"19","South Western Waters, Gulf of Cadiz (ICES IXa South)","Gadget","EngraulisEncrasicolus",2018,3962.12268421663,5569.34434,1.40789078651374,NA,1
"20","South Western Waters, Gulf of Cadiz (ICES IXa South)","Gadget","EngraulisEncrasicolus",2019,2678.94946713073,3586.44514,1.40789078651374,NA,1
"21","South Western Waters, Gulf of Cadiz (ICES IXa South)","Gadget","EngraulisEncrasicolus",2020,5023.3953229446,6353.3868,1.40789078651374,NA,1
"22","South Western Waters, Gulf of Cadiz (ICES IXa South)","Gadget","EngraulisEncrasicolus",2021,7100.39538569936,9157.44754,1.40789078651374,NA,1
"23","South Western Waters, Gulf of Cadiz (ICES IXa South)","Gadget","EngraulisEncrasicolus",2022,5047.65320589714,6847.7989,1.40789078651374,NA,1
"24","South Western Waters, Gulf of Cadiz (ICES IXa South)","Gadget","EngraulisEncrasicolus",2023,6005.73287508311,7747.87807,1.40789078651374,NA,1
"25","South Western Waters, Gulf of Cadiz (ICES IXa South)","Gadget","EngraulisEncrasicolus",2024,6058.47613865356,7966.7927,1.40789078651374,NA,1
"26","South Western Waters, Gulf of Cadiz (ICES IXa South)","Gadget","EngraulisEncrasicolus",2025,5231.10929025248,6939.7117,1.40789078651374,NA,1
"27","South Western Waters, Gulf of Cadiz (ICES IXa South)","Gadget","EngraulisEncrasicolus",2026,7021.68582840526,9026.77463,1.40789078651374,NA,1
"28","South Western Waters, Gulf of Cadiz (ICES IXa South)","Gadget","EngraulisEncrasicolus",2027,2954.34647176781,4300.15243,1.40789078651374,NA,1
"29","South Western Waters, Gulf of Cadiz (ICES IXa South)","Gadget","EngraulisEncrasicolus",2028,1840.37558495081,2447.55009,1.40789078651374,NA,1
"30","South Western Waters, Gulf of Cadiz (ICES IXa South)","Gadget","EngraulisEncrasicolus",2029,1474.27703148539,1963.83532,1.40789078651374,NA,1
"31","South Western Waters, Gulf of Cadiz (ICES IXa South)","Gadget","EngraulisEncrasicolus",2030,3840.70819712578,4806.10526,1.40789078651374,NA,1
"32","South Western Waters, Gulf of Cadiz (ICES IXa South)","Gadget","EngraulisEncrasicolus",2031,5028.74988664212,6524.18376,1.40789078651374,NA,1
"33","South Western Waters, Gulf of Cadiz (ICES IXa South)","Gadget","EngraulisEncrasicolus",2032,7750.67874704126,9919.7721,1.40789078651374,NA,1
"34","South Western Waters, Gulf of Cadiz (ICES IXa South)","Gadget","EngraulisEncrasicolus",2033,5730.86866608921,7756.9465,1.40789078651374,NA,1
"35","South Western Waters, Gulf of Cadiz (ICES IXa South)","Gadget","EngraulisEncrasicolus",2034,3361.43442057321,4596.57275,1.40789078651374,NA,1
"36","South Western Waters, Gulf of Cadiz (ICES IXa South)","Gadget","EngraulisEncrasicolus",2035,4226.32587374797,5429.16058,1.40789078651374,NA,1
"37","South Western Waters, Gulf of Cadiz (ICES IXa South)","Gadget","EngraulisEncrasicolus",2036,4534.37001787271,5939.80317,1.40789078651374,NA,1
"38","South Western Waters, Gulf of Cadiz (ICES IXa South)","Gadget","EngraulisEncrasicolus",2037,4061.86283063309,5376.28513,1.40789078651374,NA,1
"39","South Western Waters, Gulf of Cadiz (ICES IXa South)","Gadget","EngraulisEncrasicolus",2038,3898.31940211762,5122.11941,1.40789078651374,NA,1
"40","South Western Waters, Gulf of Cadiz (ICES IXa South)","Gadget","EngraulisEncrasicolus",2039,3223.74555095895,4293.20968,1.40789078651374,NA,1
"41","South Western Waters, Gulf of Cadiz (ICES IXa South)","Gadget","EngraulisEncrasicolus",2040,2089.7227303094,2839.75336,1.40789078651374,NA,1
"42","South Western Waters, Gulf of Cadiz (ICES IXa South)","Gadget","EngraulisEncrasicolus",2041,4728.3510373773,5932.51423,1.40789078651374,NA,1
"43","South Western Waters, Gulf of Cadiz (ICES IXa South)","Gadget","EngraulisEncrasicolus",2042,4211.90645499691,5623.24424,1.40789078651374,NA,1
"44","South Western Waters, Gulf of Cadiz (ICES IXa South)","Gadget","EngraulisEncrasicolus",2043,2705.12086365991,3677.09675,1.40789078651374,NA,1
"45","South Western Waters, Gulf of Cadiz (ICES IXa South)","Gadget","EngraulisEncrasicolus",2044,6447.75745388288,8076.88356,1.40789078651374,NA,1
"46","South Western Waters, Gulf of Cadiz (ICES IXa South)","Gadget","EngraulisEncrasicolus",2045,6309.62680619639,8358.58,1.40789078651374,NA,1
"47","South Western Waters, Gulf of Cadiz (ICES IXa South)","Gadget","EngraulisEncrasicolus",2000,3226.41220008875,4950.12156582,1.54410768996676,1,NA
"48","South Western Waters, Gulf of Cadiz (ICES IXa South)","Gadget","EngraulisEncrasicolus",2001,7611.36328780391,11881.6999725,1.66074857683303,1,NA
"49","South Western Waters, Gulf of Cadiz (ICES IXa South)","Gadget","EngraulisEncrasicolus",2002,5747.25150828886,10225.7287420001,1.93128822762932,1,NA
"50","South Western Waters, Gulf of Cadiz (ICES IXa South)","Gadget","EngraulisEncrasicolus",2003,5280.38018201454,7402.49108703,1.50614888817639,1,NA
"51","South Western Waters, Gulf of Cadiz (ICES IXa South)","Gadget","EngraulisEncrasicolus",2004,5157.66006652391,7583.0028991,1.5874520817626,1,NA
"52","South Western Waters, Gulf of Cadiz (ICES IXa South)","Gadget","EngraulisEncrasicolus",2005,6592.40566163079,8260.94769524,1.35156050135177,1,NA
"53","South Western Waters, Gulf of Cadiz (ICES IXa South)","Gadget","EngraulisEncrasicolus",2006,10198.9256367175,9947.642432477,1.04079347640352,1,NA
"54","South Western Waters, Gulf of Cadiz (ICES IXa South)","Gadget","EngraulisEncrasicolus",2007,12517.1656788654,13516.4305438,1.14487762232424,1,NA
"55","South Western Waters, Gulf of Cadiz (ICES IXa South)","Gadget","EngraulisEncrasicolus",2008,5341.42199283556,5383.38766200001,1.05912549101696,1,NA
"56","South Western Waters, Gulf of Cadiz (ICES IXa South)","Gadget","EngraulisEncrasicolus",2009,4760.19977593925,4653.4736616,1.03181734757291,1,NA
"57","South Western Waters, Gulf of Cadiz (ICES IXa South)","Gadget","EngraulisEncrasicolus",2010,5051.65160663522,6212.4375206,1.29240334882051,1,NA
"58","South Western Waters, Gulf of Cadiz (ICES IXa South)","Gadget","EngraulisEncrasicolus",2011,6660.52928978061,10000.53573555,1.60715805608437,1,NA
"59","South Western Waters, Gulf of Cadiz (ICES IXa South)","Gadget","EngraulisEncrasicolus",2012,7594.66699431436,7755.778718424,1.08831125324364,1,NA
"60","South Western Waters, Gulf of Cadiz (ICES IXa South)","Gadget","EngraulisEncrasicolus",2013,10192.7107829207,11870.61509,0.55,1,NA
"61","South Western Waters, Gulf of Cadiz (ICES IXa South)","Gadget","EngraulisEncrasicolus",2014,10498.0592401084,13105.46101,0.55,1,NA
"62","South Western Waters, Gulf of Cadiz (ICES IXa South)","Gadget","EngraulisEncrasicolus",2015,6508.56507285733,9387.016,0.55,1,NA
"63","South Western Waters, Gulf of Cadiz (ICES IXa South)","Gadget","EngraulisEncrasicolus",2016,14269.3050120355,13104.422,0.55,1,NA
"64","South Western Waters, Gulf of Cadiz (ICES IXa South)","Gadget","EngraulisEncrasicolus",2017,16172.637356561,11376.2185,0.55,1,NA
"65","South Western Waters, Gulf of Cadiz (ICES IXa South)","Gadget","EngraulisEncrasicolus",2018,13974.4129421533,9556.8668,0.55,1,NA
"66","South Western Waters, Gulf of Cadiz (ICES IXa South)","Gadget","EngraulisEncrasicolus",2019,10930.5911447905,7611.306,0.55,1,NA
"67","South Western Waters, Gulf of Cadiz (ICES IXa South)","Gadget","EngraulisEncrasicolus",2020,14201.1064605836,9892.1452,0.55,1,NA
"68","South Western Waters, Gulf of Cadiz (ICES IXa South)","Gadget","EngraulisEncrasicolus",2021,15384.6032272932,10577.1128,0.55,1,NA
"69","South Western Waters, Gulf of Cadiz (ICES IXa South)","Gadget","EngraulisEncrasicolus",2022,14627.7532707413,10122.2746,0.55,1,NA
"70","South Western Waters, Gulf of Cadiz (ICES IXa South)","Gadget","EngraulisEncrasicolus",2023,15819.4774320662,10958.5691,0.55,1,NA
"71","South Western Waters, Gulf of Cadiz (ICES IXa South)","Gadget","EngraulisEncrasicolus",2024,11351.6523441099,7667.773,0.55,1,NA
"72","South Western Waters, Gulf of Cadiz (ICES IXa South)","Gadget","EngraulisEncrasicolus",2025,7644.56103813345,5348.3192,0.55,1,NA
"73","South Western Waters, Gulf of Cadiz (ICES IXa South)","Gadget","EngraulisEncrasicolus",2026,8830.81695037247,6102.9152,0.55,1,NA
"74","South Western Waters, Gulf of Cadiz (ICES IXa South)","Gadget","EngraulisEncrasicolus",2027,6579.41491077861,4466.3102,0.55,1,NA
"75","South Western Waters, Gulf of Cadiz (ICES IXa South)","Gadget","EngraulisEncrasicolus",2028,5801.97809257838,4069.14881,0.55,1,NA
"76","South Western Waters, Gulf of Cadiz (ICES IXa South)","Gadget","EngraulisEncrasicolus",2029,6524.03311444895,4481.477,0.55,1,NA
"77","South Western Waters, Gulf of Cadiz (ICES IXa South)","Gadget","EngraulisEncrasicolus",2030,7708.07952447777,5382.96352,0.55,1,NA
"78","South Western Waters, Gulf of Cadiz (ICES IXa South)","Gadget","EngraulisEncrasicolus",2031,10443.4564511257,7244.2771,0.55,1,NA
"79","South Western Waters, Gulf of Cadiz (ICES IXa South)","Gadget","EngraulisEncrasicolus",2032,12010.8881796045,8306.1725,0.55,1,NA
"80","South Western Waters, Gulf of Cadiz (ICES IXa South)","Gadget","EngraulisEncrasicolus",2033,14430.6135605834,10031.0574,0.55,1,NA
"81","South Western Waters, Gulf of Cadiz (ICES IXa South)","Gadget","EngraulisEncrasicolus",2034,14469.2573473372,9928.9519,0.55,1,NA
"82","South Western Waters, Gulf of Cadiz (ICES IXa South)","Gadget","EngraulisEncrasicolus",2035,11076.9963100859,7605.8241,0.55,1,NA
"83","South Western Waters, Gulf of Cadiz (ICES IXa South)","Gadget","EngraulisEncrasicolus",2036,11146.4292295054,7767.0563,0.55,1,NA
"84","South Western Waters, Gulf of Cadiz (ICES IXa South)","Gadget","EngraulisEncrasicolus",2037,11765.6051168216,8090.1348,0.55,1,NA
"85","South Western Waters, Gulf of Cadiz (ICES IXa South)","Gadget","EngraulisEncrasicolus",2038,9173.35968645828,6286.8373,0.55,1,NA
"86","South Western Waters, Gulf of Cadiz (ICES IXa South)","Gadget","EngraulisEncrasicolus",2039,9829.01943891742,6873.9548,0.55,1,NA
"87","South Western Waters, Gulf of Cadiz (ICES IXa South)","Gadget","EngraulisEncrasicolus",2040,12539.014540543,8672.1401,0.55,1,NA
"88","South Western Waters, Gulf of Cadiz (ICES IXa South)","Gadget","EngraulisEncrasicolus",2041,10114.1916273267,6886.5128,0.55,1,NA
"89","South Western Waters, Gulf of Cadiz (ICES IXa South)","Gadget","EngraulisEncrasicolus",2042,8429.91359114255,5876.4317,0.55,1,NA
"90","South Western Waters, Gulf of Cadiz (ICES IXa South)","Gadget","EngraulisEncrasicolus",2043,12370.4408355119,8636.8843,0.55,1,NA
"91","South Western Waters, Gulf of Cadiz (ICES IXa South)","Gadget","EngraulisEncrasicolus",2044,13772.4120703456,9456.2012,0.55,1,NA
"92","South Western Waters, Gulf of Cadiz (ICES IXa South)","Gadget","EngraulisEncrasicolus",2045,12167.7425798701,8400.2109,0.55,1,NA
"93","South Western Waters, Gulf of Cadiz (ICES IXa South)","Gadget","EngraulisEncrasicolus",2000,3226.41220008875,4950.12156582,1.54410768996676,NA,NA
"94","South Western Waters, Gulf of Cadiz (ICES IXa South)","Gadget","EngraulisEncrasicolus",2001,7611.36328780391,11881.6999725,1.66074857683303,NA,NA
"95","South Western Waters, Gulf of Cadiz (ICES IXa South)","Gadget","EngraulisEncrasicolus",2002,5747.25150828886,10225.7287420001,1.93128822762932,NA,NA
"96","South Western Waters, Gulf of Cadiz (ICES IXa South)","Gadget","EngraulisEncrasicolus",2003,5280.38018201454,7402.49108703,1.50614888817639,NA,NA
"97","South Western Waters, Gulf of Cadiz (ICES IXa South)","Gadget","EngraulisEncrasicolus",2004,5157.66006652391,7583.0028991,1.5874520817626,NA,NA
"98","South Western Waters, Gulf of Cadiz (ICES IXa South)","Gadget","EngraulisEncrasicolus",2005,6592.40566163079,8260.94769524,1.35156050135177,NA,NA
"99","South Western Waters, Gulf of Cadiz (ICES IXa South)","Gadget","EngraulisEncrasicolus",2006,10198.9256367175,9947.642432477,1.04079347640352,NA,NA
"100","South Western Waters, Gulf of Cadiz (ICES IXa South)","Gadget","EngraulisEncrasicolus",2007,12517.1656788654,13516.4305438,1.14487762232424,NA,NA
"101","South Western Waters, Gulf of Cadiz (ICES IXa South)","Gadget","EngraulisEncrasicolus",2008,5341.42199283556,5383.38766200001,1.05912549101696,NA,NA
"102","South Western Waters, Gulf of Cadiz (ICES IXa South)","Gadget","EngraulisEncrasicolus",2009,4760.19977593925,4653.4736616,1.03181734757291,NA,NA
"103","South Western Waters, Gulf of Cadiz (ICES IXa South)","Gadget","EngraulisEncrasicolus",2010,5051.65160663522,6212.4375206,1.29240334882051,NA,NA
"104","South Western Waters, Gulf of Cadiz (ICES IXa South)","Gadget","EngraulisEncrasicolus",2011,6660.52928978061,10000.53573555,1.60715805608437,NA,NA
"105","South Western Waters, Gulf of Cadiz (ICES IXa South)","Gadget","EngraulisEncrasicolus",2012,7594.66699431436,7755.778718424,1.08831125324364,NA,NA
"106","South Western Waters, Gulf of Cadiz (ICES IXa South)","Gadget","EngraulisEncrasicolus",2013,10192.7107829207,11870.61509,0.571946758974679,NA,NA
"107","South Western Waters, Gulf of Cadiz (ICES IXa South)","Gadget","EngraulisEncrasicolus",2014,10498.0592401084,13105.46101,0.571946758974679,NA,NA
"108","South Western Waters, Gulf of Cadiz (ICES IXa South)","Gadget","EngraulisEncrasicolus",2015,6508.56507285733,9387.016,0.571946758974679,NA,NA
"109","South Western Waters, Gulf of Cadiz (ICES IXa South)","Gadget","EngraulisEncrasicolus",2016,14269.3050120355,13104.422,0.571946758974679,NA,NA
"110","South Western Waters, Gulf of Cadiz (ICES IXa South)","Gadget","EngraulisEncrasicolus",2017,12716.5178200553,9195.9272,0.571946758974679,NA,NA
"111","South Western Waters, Gulf of Cadiz (ICES IXa South)","Gadget","EngraulisEncrasicolus",2018,8780.42711913331,6260.1787,0.571946758974679,NA,NA
"112","South Western Waters, Gulf of Cadiz (ICES IXa South)","Gadget","EngraulisEncrasicolus",2019,6103.84593309085,4384.7776,0.571946758974679,NA,NA
"113","South Western Waters, Gulf of Cadiz (ICES IXa South)","Gadget","EngraulisEncrasicolus",2020,8377.77303303154,6069.0776,0.571946758974679,NA,NA
"114","South Western Waters, Gulf of Cadiz (ICES IXa South)","Gadget","EngraulisEncrasicolus",2021,11357.228474623,8132.4268,0.571946758974679,NA,NA
"115","South Western Waters, Gulf of Cadiz (ICES IXa South)","Gadget","EngraulisEncrasicolus",2022,11657.6226175236,8323.043,0.571946758974679,NA,NA
"116","South Western Waters, Gulf of Cadiz (ICES IXa South)","Gadget","EngraulisEncrasicolus",2023,12361.3576790822,8874.897,0.571946758974679,NA,NA
"117","South Western Waters, Gulf of Cadiz (ICES IXa South)","Gadget","EngraulisEncrasicolus",2024,12646.0318716619,9022.3655,0.571946758974679,NA,NA
"118","South Western Waters, Gulf of Cadiz (ICES IXa South)","Gadget","EngraulisEncrasicolus",2025,10934.9955239616,7792.0463,0.571946758974679,NA,NA
"119","South Western Waters, Gulf of Cadiz (ICES IXa South)","Gadget","EngraulisEncrasicolus",2026,11132.8789868564,8006.2402,0.571946758974679,NA,NA
"120","South Western Waters, Gulf of Cadiz (ICES IXa South)","Gadget","EngraulisEncrasicolus",2027,11788.2544950017,8414.0871,0.571946758974679,NA,NA
"121","South Western Waters, Gulf of Cadiz (ICES IXa South)","Gadget","EngraulisEncrasicolus",2028,11700.7080186375,8380.0064,0.571946758974679,NA,NA
"122","South Western Waters, Gulf of Cadiz (ICES IXa South)","Gadget","EngraulisEncrasicolus",2029,15419.8643217491,11130.0163,0.571946758974679,NA,NA
"123","South Western Waters, Gulf of Cadiz (ICES IXa South)","Gadget","EngraulisEncrasicolus",2030,14631.8113102538,10335.5774,0.571946758974679,NA,NA
"124","South Western Waters, Gulf of Cadiz (ICES IXa South)","Gadget","EngraulisEncrasicolus",2031,8991.04847883635,6387.0703,0.571946758974679,NA,NA
"125","South Western Waters, Gulf of Cadiz (ICES IXa South)","Gadget","EngraulisEncrasicolus",2032,8432.00865385492,6088.337,0.571946758974679,NA,NA
"126","South Western Waters, Gulf of Cadiz (ICES IXa South)","Gadget","EngraulisEncrasicolus",2033,9845.87535708486,7039.4421,0.571946758974679,NA,NA
"127","South Western Waters, Gulf of Cadiz (ICES IXa South)","Gadget","EngraulisEncrasicolus",2034,11198.5497230875,8045.2063,0.571946758974679,NA,NA
"128","South Western Waters, Gulf of Cadiz (ICES IXa South)","Gadget","EngraulisEncrasicolus",2035,11255.0425992114,8014.8618,0.571946758974679,NA,NA
"129","South Western Waters, Gulf of Cadiz (ICES IXa South)","Gadget","EngraulisEncrasicolus",2036,9696.43196183139,6922.4739,0.571946758974679,NA,NA
"130","South Western Waters, Gulf of Cadiz (ICES IXa South)","Gadget","EngraulisEncrasicolus",2037,13313.0634405636,9649.475,0.571946758974679,NA,NA
"131","South Western Waters, Gulf of Cadiz (ICES IXa South)","Gadget","EngraulisEncrasicolus",2038,13846.244692979,9789.5888,0.571946758974679,NA,NA
"132","South Western Waters, Gulf of Cadiz (ICES IXa South)","Gadget","EngraulisEncrasicolus",2039,9600.87596265771,6841.9234,0.571946758974679,NA,NA
"133","South Western Waters, Gulf of Cadiz (ICES IXa South)","Gadget","EngraulisEncrasicolus",2040,8123.24616246215,5816.16,0.571946758974679,NA,NA
"134","South Western Waters, Gulf of Cadiz (ICES IXa South)","Gadget","EngraulisEncrasicolus",2041,7865.08778402346,5623.968,0.571946758974679,NA,NA
"135","South Western Waters, Gulf of Cadiz (ICES IXa South)","Gadget","EngraulisEncrasicolus",2042,8591.53065824569,6170.9725,0.571946758974679,NA,NA
"136","South Western Waters, Gulf of Cadiz (ICES IXa South)","Gadget","EngraulisEncrasicolus",2043,9213.60060617242,6582.9954,0.571946758974679,NA,NA
"137","South Western Waters, Gulf of Cadiz (ICES IXa South)","Gadget","EngraulisEncrasicolus",2044,10431.6184621099,7500.643,0.571946758974679,NA,NA
"138","South Western Waters, Gulf of Cadiz (ICES IXa South)","Gadget","EngraulisEncrasicolus",2045,7586.66503831576,5304.1998,0.571946758974679,NA,NA
"139","South Western Waters, Gulf of Cadiz (ICES IXa South)","Gadget","EngraulisEncrasicolus",2000,3226.41220008875,4950.12156582,1.54410768996676,NA,NA
"140","South Western Waters, Gulf of Cadiz (ICES IXa South)","Gadget","EngraulisEncrasicolus",2001,7611.36328780391,11881.6999725,1.66074857683303,NA,NA
"141","South Western Waters, Gulf of Cadiz (ICES IXa South)","Gadget","EngraulisEncrasicolus",2002,5747.25150828886,10225.7287420001,1.93128822762932,NA,NA
"142","South Western Waters, Gulf of Cadiz (ICES IXa South)","Gadget","EngraulisEncrasicolus",2003,5280.38018201454,7402.49108703,1.50614888817639,NA,NA
"143","South Western Waters, Gulf of Cadiz (ICES IXa South)","Gadget","EngraulisEncrasicolus",2004,5157.66006652391,7583.0028991,1.5874520817626,NA,NA
"144","South Western Waters, Gulf of Cadiz (ICES IXa South)","Gadget","EngraulisEncrasicolus",2005,6592.40566163079,8260.94769524,1.35156050135177,NA,NA
"145","South Western Waters, Gulf of Cadiz (ICES IXa South)","Gadget","EngraulisEncrasicolus",2006,10198.9256367175,9947.642432477,1.04079347640352,NA,NA
"146","South Western Waters, Gulf of Cadiz (ICES IXa South)","Gadget","EngraulisEncrasicolus",2007,12517.1656788654,13516.4305438,1.14487762232424,NA,NA
"147","South Western Waters, Gulf of Cadiz (ICES IXa South)","Gadget","EngraulisEncrasicolus",2008,5341.42199283556,5383.38766200001,1.05912549101696,NA,NA
"148","South Western Waters, Gulf of Cadiz (ICES IXa South)","Gadget","EngraulisEncrasicolus",2009,4760.19977593925,4653.4736616,1.03181734757291,NA,NA
"149","South Western Waters, Gulf of Cadiz (ICES IXa South)","Gadget","EngraulisEncrasicolus",2010,5051.65160663522,6212.4375206,1.29240334882051,NA,NA
"150","South Western Waters, Gulf of Cadiz (ICES IXa South)","Gadget","EngraulisEncrasicolus",2011,6660.52928978061,10000.53573555,1.60715805608437,NA,NA
"151","South Western Waters, Gulf of Cadiz (ICES IXa South)","Gadget","EngraulisEncrasicolus",2012,7594.66699431436,7755.778718424,1.08831125324364,NA,NA
"152","South Western Waters, Gulf of Cadiz (ICES IXa South)","Gadget","EngraulisEncrasicolus",2013,10192.7107829207,11870.61509,0.592823161883818,NA,NA
"153","South Western Waters, Gulf of Cadiz (ICES IXa South)","Gadget","EngraulisEncrasicolus",2014,10498.0592401084,13105.46101,0.592823161883818,NA,NA
"154","South Western Waters, Gulf of Cadiz (ICES IXa South)","Gadget","EngraulisEncrasicolus",2015,6508.56507285733,9387.016,0.592823161883818,NA,NA
"155","South Western Waters, Gulf of Cadiz (ICES IXa South)","Gadget","EngraulisEncrasicolus",2016,14269.3050120355,13104.422,0.592823161883818,NA,NA
"156","South Western Waters, Gulf of Cadiz (ICES IXa South)","Gadget","EngraulisEncrasicolus",2017,13592.9385683796,10165.3089,0.592823161883818,NA,NA
"157","South Western Waters, Gulf of Cadiz (ICES IXa South)","Gadget","EngraulisEncrasicolus",2018,14220.4232545025,10583.3056,0.592823161883818,NA,NA
"158","South Western Waters, Gulf of Cadiz (ICES IXa South)","Gadget","EngraulisEncrasicolus",2019,10067.1290953708,7303.1197,0.592823161883818,NA,NA
"159","South Western Waters, Gulf of Cadiz (ICES IXa South)","Gadget","EngraulisEncrasicolus",2020,7063.01697160151,5278.99923,0.592823161883818,NA,NA
"160","South Western Waters, Gulf of Cadiz (ICES IXa South)","Gadget","EngraulisEncrasicolus",2021,10264.487033158,7625.5956,0.592823161883818,NA,NA
"161","South Western Waters, Gulf of Cadiz (ICES IXa South)","Gadget","EngraulisEncrasicolus",2022,9130.52409711371,6653.5656,0.592823161883818,NA,NA
"162","South Western Waters, Gulf of Cadiz (ICES IXa South)","Gadget","EngraulisEncrasicolus",2023,4451.58627929082,3245.32121,0.592823161883818,NA,NA
"163","South Western Waters, Gulf of Cadiz (ICES IXa South)","Gadget","EngraulisEncrasicolus",2024,1532.1861923652,1117.92677,0.592823161883818,NA,NA
"164","South Western Waters, Gulf of Cadiz (ICES IXa South)","Gadget","EngraulisEncrasicolus",2025,2406.14260350261,1828.04647,0.592823161883818,NA,NA
"165","South Western Waters, Gulf of Cadiz (ICES IXa South)","Gadget","EngraulisEncrasicolus",2026,6446.8412826351,4815.97251,0.592823161883818,NA,NA
"166","South Western Waters, Gulf of Cadiz (ICES IXa South)","Gadget","EngraulisEncrasicolus",2027,11397.0233174838,8470.8554,0.592823161883818,NA,NA
"167","South Western Waters, Gulf of Cadiz (ICES IXa South)","Gadget","EngraulisEncrasicolus",2028,15994.58199282,11849.8638,0.592823161883818,NA,NA
"168","South Western Waters, Gulf of Cadiz (ICES IXa South)","Gadget","EngraulisEncrasicolus",2029,18002.3880284142,13280,0.592823161883818,NA,NA
"169","South Western Waters, Gulf of Cadiz (ICES IXa South)","Gadget","EngraulisEncrasicolus",2030,16767.3559978298,12343.5642,0.592823161883818,NA,NA
"170","South Western Waters, Gulf of Cadiz (ICES IXa South)","Gadget","EngraulisEncrasicolus",2031,12222.9012919636,8943.1669,0.592823161883818,NA,NA
"171","South Western Waters, Gulf of Cadiz (ICES IXa South)","Gadget","EngraulisEncrasicolus",2032,10557.2525346327,7845.9137,0.592823161883818,NA,NA
"172","South Western Waters, Gulf of Cadiz (ICES IXa South)","Gadget","EngraulisEncrasicolus",2033,11936.0020278208,8814.7614,0.592823161883818,NA,NA
"173","South Western Waters, Gulf of Cadiz (ICES IXa South)","Gadget","EngraulisEncrasicolus",2034,10327.9263629285,7573.4769,0.592823161883818,NA,NA
"174","South Western Waters, Gulf of Cadiz (ICES IXa South)","Gadget","EngraulisEncrasicolus",2035,12416.4617185454,9273.2469,0.592823161883818,NA,NA
"175","South Western Waters, Gulf of Cadiz (ICES IXa South)","Gadget","EngraulisEncrasicolus",2036,15719.593016008,11589.2269,0.592823161883818,NA,NA
"176","South Western Waters, Gulf of Cadiz (ICES IXa South)","Gadget","EngraulisEncrasicolus",2037,10685.5352006145,7752.9429,0.592823161883818,NA,NA
"177","South Western Waters, Gulf of Cadiz (ICES IXa South)","Gadget","EngraulisEncrasicolus",2038,3740.40477142883,2725.35966,0.592823161883818,NA,NA
"178","South Western Waters, Gulf of Cadiz (ICES IXa South)","Gadget","EngraulisEncrasicolus",2039,4673.42317656104,3546.18227,0.592823161883818,NA,NA
"179","South Western Waters, Gulf of Cadiz (ICES IXa South)","Gadget","EngraulisEncrasicolus",2040,6690.79711462923,4906.9497,0.592823161883818,NA,NA
"180","South Western Waters, Gulf of Cadiz (ICES IXa South)","Gadget","EngraulisEncrasicolus",2041,9379.37838432751,7009.79755,0.592823161883818,NA,NA
"181","South Western Waters, Gulf of Cadiz (ICES IXa South)","Gadget","EngraulisEncrasicolus",2042,8820.12174428988,6409.468,0.592823161883818,NA,NA
"182","South Western Waters, Gulf of Cadiz (ICES IXa South)","Gadget","EngraulisEncrasicolus",2043,5257.50868770636,3878.32859,0.592823161883818,NA,NA
"183","South Western Waters, Gulf of Cadiz (ICES IXa South)","Gadget","EngraulisEncrasicolus",2044,9134.38860076903,6867.41338,0.592823161883818,NA,NA
"184","South Western Waters, Gulf of Cadiz (ICES IXa South)","Gadget","EngraulisEncrasicolus",2045,13341.078664822,9831.9665,0.592823161883818,NA,NA
"185","South Western Waters, Gulf of Cadiz (ICES IXa South)","Gadget","EngraulisEncrasicolus",2000,3226.41220008875,4950.12156582,1.54410768996676,NA,NA
"186","South Western Waters, Gulf of Cadiz (ICES IXa South)","Gadget","EngraulisEncrasicolus",2001,7611.36328780391,11881.6999725,1.66074857683303,NA,NA
"187","South Western Waters, Gulf of Cadiz (ICES IXa South)","Gadget","EngraulisEncrasicolus",2002,5747.25150828886,10225.7287420001,1.93128822762932,NA,NA
"188","South Western Waters, Gulf of Cadiz (ICES IXa South)","Gadget","EngraulisEncrasicolus",2003,5280.38018201454,7402.49108703,1.50614888817639,NA,NA
"189","South Western Waters, Gulf of Cadiz (ICES IXa South)","Gadget","EngraulisEncrasicolus",2004,5157.66006652391,7583.0028991,1.5874520817626,NA,NA
"190","South Western Waters, Gulf of Cadiz (ICES IXa South)","Gadget","EngraulisEncrasicolus",2005,6592.40566163079,8260.94769524,1.35156050135177,NA,NA
"191","South Western Waters, Gulf of Cadiz (ICES IXa South)","Gadget","EngraulisEncrasicolus",2006,10198.9256367175,9947.642432477,1.04079347640352,NA,NA
"192","South Western Waters, Gulf of Cadiz (ICES IXa South)","Gadget","EngraulisEncrasicolus",2007,12517.1656788654,13516.4305438,1.14487762232424,NA,NA
"193","South Western Waters, Gulf of Cadiz (ICES IXa South)","Gadget","EngraulisEncrasicolus",2008,5341.42199283556,5383.38766200001,1.05912549101696,NA,NA
"194","South Western Waters, Gulf of Cadiz (ICES IXa South)","Gadget","EngraulisEncrasicolus",2009,4760.19977593925,4653.4736616,1.03181734757291,NA,NA
"195","South Western Waters, Gulf of Cadiz (ICES IXa South)","Gadget","EngraulisEncrasicolus",2010,5051.65160663522,6212.4375206,1.29240334882051,NA,NA
"196","South Western Waters, Gulf of Cadiz (ICES IXa South)","Gadget","EngraulisEncrasicolus",2011,6660.52928978061,10000.53573555,1.60715805608437,NA,NA
"197","South Western Waters, Gulf of Cadiz (ICES IXa South)","Gadget","EngraulisEncrasicolus",2012,7594.66699431436,7755.778718424,1.08831125324364,NA,NA
"198","South Western Waters, Gulf of Cadiz (ICES IXa South)","Gadget","EngraulisEncrasicolus",2013,10192.7107829207,11870.61509,0.612681410608724,NA,NA
"199","South Western Waters, Gulf of Cadiz (ICES IXa South)","Gadget","EngraulisEncrasicolus",2014,10498.0592401084,13105.46101,0.612681410608724,NA,NA
"200","South Western Waters, Gulf of Cadiz (ICES IXa South)","Gadget","EngraulisEncrasicolus",2015,6508.56507285733,9387.016,0.612681410608724,NA,NA
"201","South Western Waters, Gulf of Cadiz (ICES IXa South)","Gadget","EngraulisEncrasicolus",2016,14269.3050120355,13104.422,0.612681410608724,NA,NA
"202","South Western Waters, Gulf of Cadiz (ICES IXa South)","Gadget","EngraulisEncrasicolus",2017,14302.5490774722,11019.2634,0.612681410608724,NA,NA
"203","South Western Waters, Gulf of Cadiz (ICES IXa South)","Gadget","EngraulisEncrasicolus",2018,16175.237730903,12385.696,0.612681410608724,NA,NA
"204","South Western Waters, Gulf of Cadiz (ICES IXa South)","Gadget","EngraulisEncrasicolus",2019,11149.3577515303,8319.9838,0.612681410608724,NA,NA
"205","South Western Waters, Gulf of Cadiz (ICES IXa South)","Gadget","EngraulisEncrasicolus",2020,7434.40067203423,5724.713,0.612681410608724,NA,NA
"206","South Western Waters, Gulf of Cadiz (ICES IXa South)","Gadget","EngraulisEncrasicolus",2021,7817.44912536246,5909.2365,0.612681410608724,NA,NA
"207","South Western Waters, Gulf of Cadiz (ICES IXa South)","Gadget","EngraulisEncrasicolus",2022,5781.28453596294,4369.72233,0.612681410608724,NA,NA
"208","South Western Waters, Gulf of Cadiz (ICES IXa South)","Gadget","EngraulisEncrasicolus",2023,7832.64585013619,6028.23992,0.612681410608724,NA,NA
"209","South Western Waters, Gulf of Cadiz (ICES IXa South)","Gadget","EngraulisEncrasicolus",2024,10161.7287571684,7699.6265,0.612681410608724,NA,NA
"210","South Western Waters, Gulf of Cadiz (ICES IXa South)","Gadget","EngraulisEncrasicolus",2025,12742.5186659492,9744.1612,0.612681410608724,NA,NA
"211","South Western Waters, Gulf of Cadiz (ICES IXa South)","Gadget","EngraulisEncrasicolus",2026,12256.7890893665,9235.5254,0.612681410608724,NA,NA
"212","South Western Waters, Gulf of Cadiz (ICES IXa South)","Gadget","EngraulisEncrasicolus",2027,9180.54489019695,6970.6093,0.612681410608724,NA,NA
"213","South Western Waters, Gulf of Cadiz (ICES IXa South)","Gadget","EngraulisEncrasicolus",2028,9135.11313019196,6961.3208,0.612681410608724,NA,NA
"214","South Western Waters, Gulf of Cadiz (ICES IXa South)","Gadget","EngraulisEncrasicolus",2029,9812.58393046353,7455.0831,0.612681410608724,NA,NA
"215","South Western Waters, Gulf of Cadiz (ICES IXa South)","Gadget","EngraulisEncrasicolus",2030,10150.9345685888,7716.9717,0.612681410608724,NA,NA
"216","South Western Waters, Gulf of Cadiz (ICES IXa South)","Gadget","EngraulisEncrasicolus",2031,12811.7713982619,9789.3324,0.612681410608724,NA,NA
"217","South Western Waters, Gulf of Cadiz (ICES IXa South)","Gadget","EngraulisEncrasicolus",2032,13766.1634299212,10421.0902,0.612681410608724,NA,NA
"218","South Western Waters, Gulf of Cadiz (ICES IXa South)","Gadget","EngraulisEncrasicolus",2033,13169.7528400743,10018.2119,0.612681410608724,NA,NA
"219","South Western Waters, Gulf of Cadiz (ICES IXa South)","Gadget","EngraulisEncrasicolus",2034,11107.8911647622,8386.3744,0.612681410608724,NA,NA
"220","South Western Waters, Gulf of Cadiz (ICES IXa South)","Gadget","EngraulisEncrasicolus",2035,7556.71865192915,5716.2089,0.612681410608724,NA,NA
"221","South Western Waters, Gulf of Cadiz (ICES IXa South)","Gadget","EngraulisEncrasicolus",2036,8191.9549442917,6280.0623,0.612681410608724,NA,NA
"222","South Western Waters, Gulf of Cadiz (ICES IXa South)","Gadget","EngraulisEncrasicolus",2037,8315.45827090123,6272.3467,0.612681410608724,NA,NA
"223","South Western Waters, Gulf of Cadiz (ICES IXa South)","Gadget","EngraulisEncrasicolus",2038,8556.73228453479,6543.4377,0.612681410608724,NA,NA
"224","South Western Waters, Gulf of Cadiz (ICES IXa South)","Gadget","EngraulisEncrasicolus",2039,9881.20868184021,7502.1443,0.612681410608724,NA,NA
"225","South Western Waters, Gulf of Cadiz (ICES IXa South)","Gadget","EngraulisEncrasicolus",2040,12824.479950289,9807.912,0.612681410608724,NA,NA
"226","South Western Waters, Gulf of Cadiz (ICES IXa South)","Gadget","EngraulisEncrasicolus",2041,11994.9780853252,9025.7148,0.612681410608724,NA,NA
"227","South Western Waters, Gulf of Cadiz (ICES IXa South)","Gadget","EngraulisEncrasicolus",2042,9519.73128245463,7252.8023,0.612681410608724,NA,NA
"228","South Western Waters, Gulf of Cadiz (ICES IXa South)","Gadget","EngraulisEncrasicolus",2043,11059.1517101185,8435.9011,0.612681410608724,NA,NA
"229","South Western Waters, Gulf of Cadiz (ICES IXa South)","Gadget","EngraulisEncrasicolus",2044,12800.1901422406,9729.7408,0.612681410608724,NA,NA
"230","South Western Waters, Gulf of Cadiz (ICES IXa South)","Gadget","EngraulisEncrasicolus",2045,8680.95254977169,6488.4858,0.612681410608724,NA,NA
"231","South Western Waters, Gulf of Cadiz (ICES IXa South)","Gadget","EngraulisEncrasicolus",2000,3226.41220008875,4950.12156582,1.54410768996676,NA,NA
"232","South Western Waters, Gulf of Cadiz (ICES IXa South)","Gadget","EngraulisEncrasicolus",2001,7611.36328780391,11881.6999725,1.66074857683303,NA,NA
"233","South Western Waters, Gulf of Cadiz (ICES IXa South)","Gadget","EngraulisEncrasicolus",2002,5747.25150828886,10225.7287420001,1.93128822762932,NA,NA
"234","South Western Waters, Gulf of Cadiz (ICES IXa South)","Gadget","EngraulisEncrasicolus",2003,5280.38018201454,7402.49108703,1.50614888817639,NA,NA
"235","South Western Waters, Gulf of Cadiz (ICES IXa South)","Gadget","EngraulisEncrasicolus",2004,5157.66006652391,7583.0028991,1.5874520817626,NA,NA
"236","South Western Waters, Gulf of Cadiz (ICES IXa South)","Gadget","EngraulisEncrasicolus",2005,6592.40566163079,8260.94769524,1.35156050135177,NA,NA
"237","South Western Waters, Gulf of Cadiz (ICES IXa South)","Gadget","EngraulisEncrasicolus",2006,10198.9256367175,9947.642432477,1.04079347640352,NA,NA
"238","South Western Waters, Gulf of Cadiz (ICES IXa South)","Gadget","EngraulisEncrasicolus",2007,12517.1656788654,13516.4305438,1.14487762232424,NA,NA
"239","South Western Waters, Gulf of Cadiz (ICES IXa South)","Gadget","EngraulisEncrasicolus",2008,5341.42199283556,5383.38766200001,1.05912549101696,NA,NA
"240","South Western Waters, Gulf of Cadiz (ICES IXa South)","Gadget","EngraulisEncrasicolus",2009,4760.19977593925,4653.4736616,1.03181734757291,NA,NA
"241","South Western Waters, Gulf of Cadiz (ICES IXa South)","Gadget","EngraulisEncrasicolus",2010,5051.65160663522,6212.4375206,1.29240334882051,NA,NA
"242","South Western Waters, Gulf of Cadiz (ICES IXa South)","Gadget","EngraulisEncrasicolus",2011,6660.52928978061,10000.53573555,1.60715805608437,NA,NA
"243","South Western Waters, Gulf of Cadiz (ICES IXa South)","Gadget","EngraulisEncrasicolus",2012,7594.66699431436,7755.778718424,1.08831125324364,NA,NA
"244","South Western Waters, Gulf of Cadiz (ICES IXa South)","Gadget","EngraulisEncrasicolus",2013,10192.7107829207,11870.61509,0.526928006630789,NA,NA
"245","South Western Waters, Gulf of Cadiz (ICES IXa South)","Gadget","EngraulisEncrasicolus",2014,10498.0592401084,13105.46101,0.526928006630789,NA,NA
"246","South Western Waters, Gulf of Cadiz (ICES IXa South)","Gadget","EngraulisEncrasicolus",2015,6508.56507285733,9387.016,0.526928006630789,NA,NA
"247","South Western Waters, Gulf of Cadiz (ICES IXa South)","Gadget","EngraulisEncrasicolus",2016,14269.3050120355,13104.422,0.526928006630789,NA,NA
"248","South Western Waters, Gulf of Cadiz (ICES IXa South)","Gadget","EngraulisEncrasicolus",2017,14177.1440166182,9562.3954,0.526928006630789,NA,NA
"249","South Western Waters, Gulf of Cadiz (ICES IXa South)","Gadget","EngraulisEncrasicolus",2018,12608.2201954757,8362.4034,0.526928006630789,NA,NA
"250","South Western Waters, Gulf of Cadiz (ICES IXa South)","Gadget","EngraulisEncrasicolus",2019,8474.83881696761,5575.2647,0.526928006630789,NA,NA
"251","South Western Waters, Gulf of Cadiz (ICES IXa South)","Gadget","EngraulisEncrasicolus",2020,4071.40914648507,2645.27196,0.526928006630789,NA,NA
"252","South Western Waters, Gulf of Cadiz (ICES IXa South)","Gadget","EngraulisEncrasicolus",2021,5758.40239818251,3974.60291,0.526928006630789,NA,NA
"253","South Western Waters, Gulf of Cadiz (ICES IXa South)","Gadget","EngraulisEncrasicolus",2022,12635.6828911267,8496.3689,0.526928006630789,NA,NA
"254","South Western Waters, Gulf of Cadiz (ICES IXa South)","Gadget","EngraulisEncrasicolus",2023,13324.1161791897,8752.1294,0.526928006630789,NA,NA
"255","South Western Waters, Gulf of Cadiz (ICES IXa South)","Gadget","EngraulisEncrasicolus",2024,10285.5780530795,6827.1394,0.526928006630789,NA,NA
"256","South Western Waters, Gulf of Cadiz (ICES IXa South)","Gadget","EngraulisEncrasicolus",2025,10906.2203179486,7302.7972,0.526928006630789,NA,NA
"257","South Western Waters, Gulf of Cadiz (ICES IXa South)","Gadget","EngraulisEncrasicolus",2026,12928.5552156657,8615.9438,0.526928006630789,NA,NA
"258","South Western Waters, Gulf of Cadiz (ICES IXa South)","Gadget","EngraulisEncrasicolus",2027,11251.5732793598,7391.8067,0.526928006630789,NA,NA
"259","South Western Waters, Gulf of Cadiz (ICES IXa South)","Gadget","EngraulisEncrasicolus",2028,11764.1270939697,7933.3473,0.526928006630789,NA,NA
"260","South Western Waters, Gulf of Cadiz (ICES IXa South)","Gadget","EngraulisEncrasicolus",2029,12749.5167439572,8404.9391,0.526928006630789,NA,NA
"261","South Western Waters, Gulf of Cadiz (ICES IXa South)","Gadget","EngraulisEncrasicolus",2030,9121.48995325544,5999.5467,0.526928006630789,NA,NA
"262","South Western Waters, Gulf of Cadiz (ICES IXa South)","Gadget","EngraulisEncrasicolus",2031,6914.75633620587,4603.8476,0.526928006630789,NA,NA
"263","South Western Waters, Gulf of Cadiz (ICES IXa South)","Gadget","EngraulisEncrasicolus",2032,10211.664519139,6913.53139,0.526928006630789,NA,NA
"264","South Western Waters, Gulf of Cadiz (ICES IXa South)","Gadget","EngraulisEncrasicolus",2033,13323.2494382301,8832.1225,0.526928006630789,NA,NA
"265","South Western Waters, Gulf of Cadiz (ICES IXa South)","Gadget","EngraulisEncrasicolus",2034,11356.3125418283,7487.1656,0.526928006630789,NA,NA
"266","South Western Waters, Gulf of Cadiz (ICES IXa South)","Gadget","EngraulisEncrasicolus",2035,11068.4002181851,7420.3129,0.526928006630789,NA,NA
"267","South Western Waters, Gulf of Cadiz (ICES IXa South)","Gadget","EngraulisEncrasicolus",2036,10447.7575603675,6870.4341,0.526928006630789,NA,NA
"268","South Western Waters, Gulf of Cadiz (ICES IXa South)","Gadget","EngraulisEncrasicolus",2037,9961.73843094227,6681.8541,0.526928006630789,NA,NA
"269","South Western Waters, Gulf of Cadiz (ICES IXa South)","Gadget","EngraulisEncrasicolus",2038,12385.2611887667,8268.5097,0.526928006630789,NA,NA
"270","South Western Waters, Gulf of Cadiz (ICES IXa South)","Gadget","EngraulisEncrasicolus",2039,11254.6595739201,7397.7192,0.526928006630789,NA,NA
"271","South Western Waters, Gulf of Cadiz (ICES IXa South)","Gadget","EngraulisEncrasicolus",2040,10234.7882708956,6855.9401,0.526928006630789,NA,NA
"272","South Western Waters, Gulf of Cadiz (ICES IXa South)","Gadget","EngraulisEncrasicolus",2041,11212.409238656,7448.4681,0.526928006630789,NA,NA
"273","South Western Waters, Gulf of Cadiz (ICES IXa South)","Gadget","EngraulisEncrasicolus",2042,10656.5990927648,7066.7217,0.526928006630789,NA,NA
"274","South Western Waters, Gulf of Cadiz (ICES IXa South)","Gadget","EngraulisEncrasicolus",2043,11432.914130161,7649.8725,0.526928006630789,NA,NA
"275","South Western Waters, Gulf of Cadiz (ICES IXa South)","Gadget","EngraulisEncrasicolus",2044,14110.9250651253,9426.4385,0.526928006630789,NA,NA
"276","South Western Waters, Gulf of Cadiz (ICES IXa South)","Gadget","EngraulisEncrasicolus",2045,16064.8761274511,10692.1609,0.526928006630789,NA,NA
"277","South Western Waters, Gulf of Cadiz (ICES IXa South)","Gadget","EngraulisEncrasicolus",2000,3226.41220008875,4950.12156582,1.54410768996676,NA,NA
"278","South Western Waters, Gulf of Cadiz (ICES IXa South)","Gadget","EngraulisEncrasicolus",2001,7611.36328780391,11881.6999725,1.66074857683303,NA,NA
"279","South Western Waters, Gulf of Cadiz (ICES IXa South)","Gadget","EngraulisEncrasicolus",2002,5747.25150828886,10225.7287420001,1.93128822762932,NA,NA
"280","South Western Waters, Gulf of Cadiz (ICES IXa South)","Gadget","EngraulisEncrasicolus",2003,5280.38018201454,7402.49108703,1.50614888817639,NA,NA
"281","South Western Waters, Gulf of Cadiz (ICES IXa South)","Gadget","EngraulisEncrasicolus",2004,5157.66006652391,7583.0028991,1.5874520817626,NA,NA
"282","South Western Waters, Gulf of Cadiz (ICES IXa South)","Gadget","EngraulisEncrasicolus",2005,6592.40566163079,8260.94769524,1.35156050135177,NA,NA
"283","South Western Waters, Gulf of Cadiz (ICES IXa South)","Gadget","EngraulisEncrasicolus",2006,10198.9256367175,9947.642432477,1.04079347640352,NA,NA
"284","South Western Waters, Gulf of Cadiz (ICES IXa South)","Gadget","EngraulisEncrasicolus",2007,12517.1656788654,13516.4305438,1.14487762232424,NA,NA
"285","South Western Waters, Gulf of Cadiz (ICES IXa South)","Gadget","EngraulisEncrasicolus",2008,5341.42199283556,5383.38766200001,1.05912549101696,NA,NA
"286","South Western Waters, Gulf of Cadiz (ICES IXa South)","Gadget","EngraulisEncrasicolus",2009,4760.19977593925,4653.4736616,1.03181734757291,NA,NA
"287","South Western Waters, Gulf of Cadiz (ICES IXa South)","Gadget","EngraulisEncrasicolus",2010,5051.65160663522,6212.4375206,1.29240334882051,NA,NA
"288","South Western Waters, Gulf of Cadiz (ICES IXa South)","Gadget","EngraulisEncrasicolus",2011,6660.52928978061,10000.53573555,1.60715805608437,NA,NA
"289","South Western Waters, Gulf of Cadiz (ICES IXa South)","Gadget","EngraulisEncrasicolus",2012,7594.66699431436,7755.778718424,1.08831125324364,NA,NA
"290","South Western Waters, Gulf of Cadiz (ICES IXa South)","Gadget","EngraulisEncrasicolus",2013,10192.7107829207,11870.61509,0.502673086865959,NA,NA
"291","South Western Waters, Gulf of Cadiz (ICES IXa South)","Gadget","EngraulisEncrasicolus",2014,10498.0592401084,13105.46101,0.502673086865959,NA,NA
"292","South Western Waters, Gulf of Cadiz (ICES IXa South)","Gadget","EngraulisEncrasicolus",2015,6508.56507285733,9387.016,0.502673086865959,NA,NA
"293","South Western Waters, Gulf of Cadiz (ICES IXa South)","Gadget","EngraulisEncrasicolus",2016,14269.3050120355,13104.422,0.502673086865959,NA,NA
"294","South Western Waters, Gulf of Cadiz (ICES IXa South)","Gadget","EngraulisEncrasicolus",2017,15317.4590026892,9937.179,0.502673086865959,NA,NA
"295","South Western Waters, Gulf of Cadiz (ICES IXa South)","Gadget","EngraulisEncrasicolus",2018,15075.2114086225,9572.8004,0.502673086865959,NA,NA
"296","South Western Waters, Gulf of Cadiz (ICES IXa South)","Gadget","EngraulisEncrasicolus",2019,9739.32368669671,6093.3354,0.502673086865959,NA,NA
"297","South Western Waters, Gulf of Cadiz (ICES IXa South)","Gadget","EngraulisEncrasicolus",2020,6985.81579863069,4500.3124,0.502673086865959,NA,NA
"298","South Western Waters, Gulf of Cadiz (ICES IXa South)","Gadget","EngraulisEncrasicolus",2021,7597.37721689369,4836.0485,0.502673086865959,NA,NA
"299","South Western Waters, Gulf of Cadiz (ICES IXa South)","Gadget","EngraulisEncrasicolus",2022,9261.77387772496,5965.9905,0.502673086865959,NA,NA
"300","South Western Waters, Gulf of Cadiz (ICES IXa South)","Gadget","EngraulisEncrasicolus",2023,11132.2960769237,7090.9188,0.502673086865959,NA,NA
"301","South Western Waters, Gulf of Cadiz (ICES IXa South)","Gadget","EngraulisEncrasicolus",2024,13371.2721881397,8594.6624,0.502673086865959,NA,NA
"302","South Western Waters, Gulf of Cadiz (ICES IXa South)","Gadget","EngraulisEncrasicolus",2025,16832.8098862,10769.4415,0.502673086865959,NA,NA
"303","South Western Waters, Gulf of Cadiz (ICES IXa South)","Gadget","EngraulisEncrasicolus",2026,17343.5216667154,11005.4676,0.502673086865959,NA,NA
"304","South Western Waters, Gulf of Cadiz (ICES IXa South)","Gadget","EngraulisEncrasicolus",2027,15303.1983921683,9713.8521,0.502673086865959,NA,NA
"305","South Western Waters, Gulf of Cadiz (ICES IXa South)","Gadget","EngraulisEncrasicolus",2028,12337.8619753028,7797.8723,0.502673086865959,NA,NA
"306","South Western Waters, Gulf of Cadiz (ICES IXa South)","Gadget","EngraulisEncrasicolus",2029,9298.50577855126,5890.573,0.502673086865959,NA,NA
"307","South Western Waters, Gulf of Cadiz (ICES IXa South)","Gadget","EngraulisEncrasicolus",2030,10160.7660238433,6559.7421,0.502673086865959,NA,NA
"308","South Western Waters, Gulf of Cadiz (ICES IXa South)","Gadget","EngraulisEncrasicolus",2031,12043.3245354562,7657.3952,0.502673086865959,NA,NA
"309","South Western Waters, Gulf of Cadiz (ICES IXa South)","Gadget","EngraulisEncrasicolus",2032,11460.4385332188,7284.2646,0.502673086865959,NA,NA
"310","South Western Waters, Gulf of Cadiz (ICES IXa South)","Gadget","EngraulisEncrasicolus",2033,13935.9574262894,8994.0049,0.502673086865959,NA,NA
"311","South Western Waters, Gulf of Cadiz (ICES IXa South)","Gadget","EngraulisEncrasicolus",2034,19466.5927323633,12486.5438,0.502673086865959,NA,NA
"312","South Western Waters, Gulf of Cadiz (ICES IXa South)","Gadget","EngraulisEncrasicolus",2035,17810.6151417611,11170.5824,0.502673086865959,NA,NA
"313","South Western Waters, Gulf of Cadiz (ICES IXa South)","Gadget","EngraulisEncrasicolus",2036,14159.1802260411,9065.4982,0.502673086865959,NA,NA
"314","South Western Waters, Gulf of Cadiz (ICES IXa South)","Gadget","EngraulisEncrasicolus",2037,12541.6611801912,7911.1264,0.502673086865959,NA,NA
"315","South Western Waters, Gulf of Cadiz (ICES IXa South)","Gadget","EngraulisEncrasicolus",2038,11857.723046273,7618.2655,0.502673086865959,NA,NA
"316","South Western Waters, Gulf of Cadiz (ICES IXa South)","Gadget","EngraulisEncrasicolus",2039,13169.8389137268,8385.1014,0.502673086865959,NA,NA
"317","South Western Waters, Gulf of Cadiz (ICES IXa South)","Gadget","EngraulisEncrasicolus",2040,14034.0819023669,8973.0703,0.502673086865959,NA,NA
"318","South Western Waters, Gulf of Cadiz (ICES IXa South)","Gadget","EngraulisEncrasicolus",2041,14191.6405674922,9013.0429,0.502673086865959,NA,NA
"319","South Western Waters, Gulf of Cadiz (ICES IXa South)","Gadget","EngraulisEncrasicolus",2042,13143.0205872494,8362.2812,0.502673086865959,NA,NA
"320","South Western Waters, Gulf of Cadiz (ICES IXa South)","Gadget","EngraulisEncrasicolus",2043,14773.893927954,9493.5841,0.502673086865959,NA,NA
"321","South Western Waters, Gulf of Cadiz (ICES IXa South)","Gadget","EngraulisEncrasicolus",2044,16897.8248958056,10759.7587,0.502673086865959,NA,NA
"322","South Western Waters, Gulf of Cadiz (ICES IXa South)","Gadget","EngraulisEncrasicolus",2045,17398.3004015193,11098.0817,0.502673086865959,NA,NA
"323","South Western Waters, Gulf of Cadiz (ICES IXa South)","Gadget","EngraulisEncrasicolus",2000,3226.41220008875,4950.12156582,1.54410768996676,NA,NA
"324","South Western Waters, Gulf of Cadiz (ICES IXa South)","Gadget","EngraulisEncrasicolus",2001,7611.36328780391,11881.6999725,1.66074857683303,NA,NA
"325","South Western Waters, Gulf of Cadiz (ICES IXa South)","Gadget","EngraulisEncrasicolus",2002,5747.25150828886,10225.7287420001,1.93128822762932,NA,NA
"326","South Western Waters, Gulf of Cadiz (ICES IXa South)","Gadget","EngraulisEncrasicolus",2003,5280.38018201454,7402.49108703,1.50614888817639,NA,NA
"327","South Western Waters, Gulf of Cadiz (ICES IXa South)","Gadget","EngraulisEncrasicolus",2004,5157.66006652391,7583.0028991,1.5874520817626,NA,NA
"328","South Western Waters, Gulf of Cadiz (ICES IXa South)","Gadget","EngraulisEncrasicolus",2005,6592.40566163079,8260.94769524,1.35156050135177,NA,NA
"329","South Western Waters, Gulf of Cadiz (ICES IXa South)","Gadget","EngraulisEncrasicolus",2006,10198.9256367175,9947.642432477,1.04079347640352,NA,NA
"330","South Western Waters, Gulf of Cadiz (ICES IXa South)","Gadget","EngraulisEncrasicolus",2007,12517.1656788654,13516.4305438,1.14487762232424,NA,NA
"331","South Western Waters, Gulf of Cadiz (ICES IXa South)","Gadget","EngraulisEncrasicolus",2008,5341.42199283556,5383.38766200001,1.05912549101696,NA,NA
"332","South Western Waters, Gulf of Cadiz (ICES IXa South)","Gadget","EngraulisEncrasicolus",2009,4760.19977593925,4653.4736616,1.03181734757291,NA,NA
"333","South Western Waters, Gulf of Cadiz (ICES IXa South)","Gadget","EngraulisEncrasicolus",2010,5051.65160663522,6212.4375206,1.29240334882051,NA,NA
"334","South Western Waters, Gulf of Cadiz (ICES IXa South)","Gadget","EngraulisEncrasicolus",2011,6660.52928978061,10000.53573555,1.60715805608437,NA,NA
"335","South Western Waters, Gulf of Cadiz (ICES IXa South)","Gadget","EngraulisEncrasicolus",2012,7594.66699431436,7755.778718424,1.08831125324364,NA,NA
"336","South Western Waters, Gulf of Cadiz (ICES IXa South)","Gadget","EngraulisEncrasicolus",2013,10192.7107829207,11870.61509,0.477174590772273,NA,NA
"337","South Western Waters, Gulf of Cadiz (ICES IXa South)","Gadget","EngraulisEncrasicolus",2014,10498.0592401084,13105.46101,0.477174590772273,NA,NA
"338","South Western Waters, Gulf of Cadiz (ICES IXa South)","Gadget","EngraulisEncrasicolus",2015,6508.56507285733,9387.016,0.477174590772273,NA,NA
"339","South Western Waters, Gulf of Cadiz (ICES IXa South)","Gadget","EngraulisEncrasicolus",2016,14269.3050120355,13104.422,0.477174590772273,NA,NA
"340","South Western Waters, Gulf of Cadiz (ICES IXa South)","Gadget","EngraulisEncrasicolus",2017,16889.8495414968,10505.5234,0.477174590772273,NA,NA
"341","South Western Waters, Gulf of Cadiz (ICES IXa South)","Gadget","EngraulisEncrasicolus",2018,14591.6658300405,8660.8784,0.477174590772273,NA,NA
"342","South Western Waters, Gulf of Cadiz (ICES IXa South)","Gadget","EngraulisEncrasicolus",2019,9390.37452192951,5773.2117,0.477174590772273,NA,NA
"343","South Western Waters, Gulf of Cadiz (ICES IXa South)","Gadget","EngraulisEncrasicolus",2020,10043.766997305,6106.4577,0.477174590772273,NA,NA
"344","South Western Waters, Gulf of Cadiz (ICES IXa South)","Gadget","EngraulisEncrasicolus",2021,11735.8344911533,7194.433,0.477174590772273,NA,NA
"345","South Western Waters, Gulf of Cadiz (ICES IXa South)","Gadget","EngraulisEncrasicolus",2022,13629.181773269,8283.922,0.477174590772273,NA,NA
"346","South Western Waters, Gulf of Cadiz (ICES IXa South)","Gadget","EngraulisEncrasicolus",2023,14802.0646402447,9027.0104,0.477174590772273,NA,NA
"347","South Western Waters, Gulf of Cadiz (ICES IXa South)","Gadget","EngraulisEncrasicolus",2024,18785.9857639129,11535.4816,0.477174590772273,NA,NA
"348","South Western Waters, Gulf of Cadiz (ICES IXa South)","Gadget","EngraulisEncrasicolus",2025,21161.8375644726,12808.0886,0.477174590772273,NA,NA
"349","South Western Waters, Gulf of Cadiz (ICES IXa South)","Gadget","EngraulisEncrasicolus",2026,14559.9482968559,8615.0221,0.477174590772273,NA,NA
"350","South Western Waters, Gulf of Cadiz (ICES IXa South)","Gadget","EngraulisEncrasicolus",2027,9040.44229165544,5544.9728,0.477174590772273,NA,NA
"351","South Western Waters, Gulf of Cadiz (ICES IXa South)","Gadget","EngraulisEncrasicolus",2028,10828.7018622995,6636.7741,0.477174590772273,NA,NA
"352","South Western Waters, Gulf of Cadiz (ICES IXa South)","Gadget","EngraulisEncrasicolus",2029,9776.46103057669,5830.8096,0.477174590772273,NA,NA
"353","South Western Waters, Gulf of Cadiz (ICES IXa South)","Gadget","EngraulisEncrasicolus",2030,4839.85199966553,2858.01921,0.477174590772273,NA,NA
"354","South Western Waters, Gulf of Cadiz (ICES IXa South)","Gadget","EngraulisEncrasicolus",2031,4011.39954534811,2518.88214,0.477174590772273,NA,NA
"355","South Western Waters, Gulf of Cadiz (ICES IXa South)","Gadget","EngraulisEncrasicolus",2032,7116.25908056464,4374.20183,0.477174590772273,NA,NA
"356","South Western Waters, Gulf of Cadiz (ICES IXa South)","Gadget","EngraulisEncrasicolus",2033,11194.8963737014,6897.685,0.477174590772273,NA,NA
"357","South Western Waters, Gulf of Cadiz (ICES IXa South)","Gadget","EngraulisEncrasicolus",2034,13621.9382891855,8252.9864,0.477174590772273,NA,NA
"358","South Western Waters, Gulf of Cadiz (ICES IXa South)","Gadget","EngraulisEncrasicolus",2035,13668.4379384773,8315.3256,0.477174590772273,NA,NA
"359","South Western Waters, Gulf of Cadiz (ICES IXa South)","Gadget","EngraulisEncrasicolus",2036,12989.6788083905,7854.7107,0.477174590772273,NA,NA
"360","South Western Waters, Gulf of Cadiz (ICES IXa South)","Gadget","EngraulisEncrasicolus",2037,9045.54397648741,5379.6259,0.477174590772273,NA,NA
"361","South Western Waters, Gulf of Cadiz (ICES IXa South)","Gadget","EngraulisEncrasicolus",2038,8962.15121392758,5585.16379,0.477174590772273,NA,NA
"362","South Western Waters, Gulf of Cadiz (ICES IXa South)","Gadget","EngraulisEncrasicolus",2039,14454.2084444582,8866.2704,0.477174590772273,NA,NA
"363","South Western Waters, Gulf of Cadiz (ICES IXa South)","Gadget","EngraulisEncrasicolus",2040,16889.5904889768,10242.6704,0.477174590772273,NA,NA
"364","South Western Waters, Gulf of Cadiz (ICES IXa South)","Gadget","EngraulisEncrasicolus",2041,14002.4991337998,8395.1732,0.477174590772273,NA,NA
"365","South Western Waters, Gulf of Cadiz (ICES IXa South)","Gadget","EngraulisEncrasicolus",2042,13420.6279919247,8263.0197,0.477174590772273,NA,NA
"366","South Western Waters, Gulf of Cadiz (ICES IXa South)","Gadget","EngraulisEncrasicolus",2043,19103.4284779798,11733.3924,0.477174590772273,NA,NA
"367","South Western Waters, Gulf of Cadiz (ICES IXa South)","Gadget","EngraulisEncrasicolus",2044,18998.8623856982,11378.0854,0.477174590772273,NA,NA
"368","South Western Waters, Gulf of Cadiz (ICES IXa South)","Gadget","EngraulisEncrasicolus",2045,14271.688753313,8647.6175,0.477174590772273,NA,NA
